Algoritm,Euristica,Timp,Noduri in memorie,Noduri generate,Raport memorie/generate
A*,naiva,10.01836s,1330794,1525391,0.8724
A*,1,0.11262s,7490,8546,0.8764
A*,2,0.12605s,7490,8546,0.8764
A*,3,10.01834s,1194475,1375136,0.8686
A* open-closed,naiva,4.44912s,174871,399566,0.4377
A* open-closed,1,0.04718s,635,895,0.7095
A* open-closed,2,0.05117s,635,895,0.7095
A* open-closed,3,0.43301s,14507,22914,0.6331
IDA*,naiva,10.03571s,16,3054887,0
IDA*,1,0.08509s,9,9114,0.001
IDA*,2,0.07405s,9,9114,0.001
IDA*,3,10.01131s,14,2530360,0
